店舗ID: 17001392, いきいき亭 近江町店, 金沢市 / 海鮮丼、寿司、海鮮, 評価：3.53, 口コミ：935件
店舗ID: 17000911, もりもり寿し 近江町店, 金沢市 / 回転寿司、寿司, 評価：3.49, 口コミ：1358件
店舗ID: 17004576, 近江町・海鮮市場料理 市の蔵, 金沢市 / 居酒屋、海鮮、かに, 評価：3.48, 口コミ：451件
店舗ID: 17004296, 旬彩和食 口福, 金沢市 / 海鮮、かに、ちゃんこ鍋, 評価：3.48, 口コミ：387件
店舗ID: 17000046, 近江町食堂, 金沢市 / 海鮮、海鮮丼、居酒屋, 評価：3.47, 口コミ：384件
店舗ID: 17000047, 刺身屋, 金沢市 / 海鮮、海鮮丼、居酒屋, 評価：3.47, 口コミ：368件
店舗ID: 17005471, 近江町海鮮丼家ひら井 いちば館店, 金沢市 / 海鮮、海鮮丼、日本料理, 評価：3.46, 口コミ：267件
店舗ID: 17004297, 川木商店, 金沢市 / 惣菜・デリ、うなぎ、どじょう, 評価：3.44, 口コミ：185件
店舗ID: 17009851, 忠村水産 小売部, 金沢市 / 海鮮, 評価：3.42, 口コミ：111件
店舗ID: 17006997, 潮屋 近江町いちば店, 金沢市 / 海鮮, 評価：3.42, 口コミ：110件
店舗ID: 17009254, フルーツ坂野, 金沢市 / ジューススタンド、フルーツパーラー, 評価：3.41, 口コミ：152件
店舗ID: 17010602, すゞめ 近江町市場店, 金沢市 / 大福、和菓子, 評価：3.41, 口コミ：94件
店舗ID: 17011248, 百萬商店, 金沢市 / ビアバー, 評価：3.41, 口コミ：76件
店舗ID: 17009347, 鮮彩えにし, 金沢市 / 海鮮、寿司、海鮮丼, 評価：3.38, 口コミ：128件
店舗ID: 17009791, みなみ, 金沢市 / 日本料理、その他, 評価：3.37, 口コミ：52件
店舗ID: 17004583, 近江屋 伝兵衛, 金沢市 / 寿司、海鮮、日本料理, 評価：3.36, 口コミ：120件
店舗ID: 17001113, 仙桃, 金沢市 / 中華料理, 評価：3.34, 口コミ：72件
店舗ID: 17011216, 能登牛たくみ, 金沢市 / 牛料理, 評価：3.3, 口コミ：87件
店舗ID: 17006533, カレーのチャンピオン 近江町店, 金沢市 / カレー、とんかつ、コロッケ, 評価：3.27, 口コミ：306件
店舗ID: 17004637, 二六, 金沢市 / 豆腐料理、ソフトクリーム, 評価：3.22, 口コミ：40件
店舗ID: 17005175, みやむら, 金沢市 / 惣菜・デリ、うなぎ、どじょう, 評価：3.22, 口コミ：30件
店舗ID: 17001556, 近江町市場　杉本水産 近江町店, 金沢市 / 惣菜・デリ、海鮮, 評価：3.21, 口コミ：31件
店舗ID: 17011164, 清商店, 金沢市 / 海鮮, 評価：3.19, 口コミ：23件
店舗ID: 17013653, 金沢おでん 地酒地魚 新近江町商店, 金沢市 / 居酒屋, 評価：3.19, 口コミ：22件
店舗ID: 17009253, 新力水産, 金沢市 / うなぎ、どじょう, 評価：3.18, 口コミ：47件
店舗ID: 17014006, PETRA BAKE&COFFEE, 金沢市 / カフェ、洋菓子, 評価：3.17, 口コミ：19件
店舗ID: 17014718, 近江町ラーメン, 金沢市 / ラーメン, 評価：3.12, 口コミ：21件
店舗ID: 17004621, 近江町こだわり玉子 だし巻屋, 金沢市 / 日本料理, 評価：3.11, 口コミ：18件
店舗ID: 17009360, みなと屋, 金沢市 / ラーメン, 評価：3.1, 口コミ：31件
店舗ID: 17004295, のざきの焼魚, 金沢市 / うなぎ、海鮮、串焼き, 評価：3.09, 口コミ：50件
店舗ID: 17012225, あげ丸天かさい, 金沢市 / 揚げ物, 評価：3.08, 口コミ：24件
店舗ID: 17005933, 麺丼や, 金沢市 / うどん、かつ丼, 評価：3.08, 口コミ：19件
店舗ID: 17008784, 鳥由, 金沢市 / 惣菜・デリ, 評価：3.08, 口コミ：7件
店舗ID: 17007667, 高川物産, 金沢市 / その他, 評価：3.07, 口コミ：17件
店舗ID: 17007108, 手押し棒鮨 舟楽 近江町いちば館店, 金沢市 / 棒寿司、寿司, 評価：3.06, 口コミ：10件
店舗ID: 17013389, 近江町横丁, 金沢市 / 居酒屋、海鮮、おでん, 評価：3.06, 口コミ：9件
店舗ID: 17008089, ミスタードーナツ 金沢武蔵ショップ, 金沢市 / カフェ、ドーナツ, 評価：3.05, 口コミ：31件
店舗ID: 17004634, 良縁堂　茶楽, 金沢市 / その他, 評価：3.05, 口コミ：9件
店舗ID: 17011445, ヤマカ水産 近江町店, 金沢市 / その他, 評価：3.05, 口コミ：9件
店舗ID: 17005450, 市安商店, 金沢市 / ジューススタンド, 評価：3.05, 口コミ：4件
店舗ID: 17008887, ヤマカ水産 新通り店, 金沢市 / その他、寿司, 評価：3.04, 口コミ：6件
店舗ID: 17015500, 炭火串焼き・鶏料理 八千屋 近江町市場店, 金沢市 / 居酒屋、焼き鳥、おでん, 評価：3.04, 口コミ：3件
店舗ID: 17014907, THE TEA SHOP CHANOMI 近江町市場2号店, 金沢市 / カフェ, 評価：3.04, 口コミ：3件
店舗ID: 17014490, 宇奈とと 近江町市場店, 金沢市 / うなぎ, 評価：3.03, 口コミ：9件
店舗ID: 17011865, 能登牛炙り海鮮丼, 金沢市 / 丼、海鮮, 評価：3.03, 口コミ：4件
店舗ID: 17008888, 海道物産 海藻ライフ店, 金沢市 / その他, 評価：3.03, 口コミ：2件
店舗ID: 17011330, 牧果実店, 金沢市 / フルーツパーラー, 評価：3.02, 口コミ：2件
店舗ID: 17014371, 寿美田今川焼, 金沢市 / たい焼き・大判焼き, 評価：3.02, 口コミ：1件
店舗ID: 17013212, 炙りのど黒といしる飯, 金沢市 / 海鮮丼, 評価：3.02, 口コミ：1件
店舗ID: 17009942, 北形青果 近江町本店, 金沢市 / その他, 評価：3.01, 口コミ：3件
店舗ID: 17011728, 蒲富士食品株式会社 金沢近江町市場直営店, 金沢市 / その他, 評価：3.01, 口コミ：2件
店舗ID: 17015129, 金沢どら焼き堂, 金沢市 / 和菓子、スイーツ, 評価：3.0, 口コミ：6件
店舗ID: 17014592, 徳一商店, 金沢市 / その他, 評価：3.0, 口コミ：2件
店舗ID: 17010973, フルーツきたむら, 金沢市 / その他, 評価：3.0, 口コミ：1件
店舗ID: 17012885, 北川食品 近江町店, 金沢市 / その他, 評価：0.0, 口コミ：2件
店舗ID: 17013776, 天狗中田 青草町店, 金沢市 / その他, 評価：0.0, 口コミ：1件
店舗ID: 17012653, 中屋食品 近江町市場店, 金沢市 / その他, 評価：0.0, 口コミ：1件
店舗ID: 17013386, マツモトキヨシ 近江町店, 金沢市 / その他, 評価：0.0, 口コミ：1件
店舗ID: 17005186, みなせん 近江町店, 金沢市 / お好み焼き, 評価：0.0, 口コミ： - 件
店舗ID: 17004631, だし茶漬　だいあん, 金沢市 / 日本料理, 評価：0.0, 口コミ： - 件
店舗ID: 17015135, なんぼ商店, 金沢市 / 売店, 評価：0.0, 口コミ： - 件
店舗ID: 17006803, 御菓子司　水本, 金沢市 / 和菓子, 評価：3.05, 口コミ：7件
店舗ID: 17012292, おしゃべりcafe めてみみ, 金沢市 / 喫茶店、カフェ, 評価：3.01, 口コミ：2件
店舗ID: 17012786, すし捨 賢坂辻店, 金沢市 / 寿司, 評価：4.69, 口コミ：1件
店舗ID: 17003943, 幌里, 金沢市 / 居酒屋, 評価：4.51, 口コミ： - 件
店舗ID: 17011166, 片折, 金沢市 / 日本料理, 評価：4.32, 口コミ：416件
店舗ID: 17010732, レスピラシオン, 金沢市 / スペイン料理、イノベーティブ、創作料理, 評価：4.3, 口コミ：469件
店舗ID: 17012300, マキノンチ, 金沢市 / フレンチ, 評価：4.28, 口コミ：141件
店舗ID: 17010524, 小松 弥助, 金沢市 / 寿司, 評価：4.27, 口コミ：689件
店舗ID: 17012585, 蛤坂 まえかわ, 金沢市 / 焼き鳥, 評価：4.23, 口コミ：132件
店舗ID: 17000107, 乙女寿司, 金沢市 / 寿司, 評価：4.15, 口コミ：576件
店舗ID: 17015162, 木佐貫, 金沢市 / 日本料理, 評価：4.11, 口コミ：73件
店舗ID: 17009914, Installation Table ENSO L'asymetrie du calme, 金沢市 / フレンチ、イノベーティブ, 評価：4.01, 口コミ：286件
店舗ID: 17009514, 天ぷら 小泉, 金沢市 / 天ぷら, 評価：0.0, 口コミ：173件
店舗ID: 17010062, 鮨 木場谷, 金沢市 / 寿司, 評価：0.0, 口コミ：272件
店舗ID: 17001082, ヤハタすしべん 赤土店, 金沢市 / 寿司、うどん、かつ丼, 評価：3.27, 口コミ：26件
店舗ID: 17008085, いちばん星, 金沢市 / 喫茶店, 評価：4.69, 口コミ： - 件
店舗ID: 17011166, 片折, 金沢市 / 日本料理, 評価：4.51, 口コミ：416件
店舗ID: 17010732, レスピラシオン, 金沢市 / スペイン料理、イノベーティブ、創作料理, 評価：4.32, 口コミ：469件
店舗ID: 17012300, マキノンチ, 金沢市 / フレンチ, 評価：4.3, 口コミ：141件
店舗ID: 17010524, 小松 弥助, 金沢市 / 寿司, 評価：4.28, 口コミ：689件
店舗ID: 17012585, 蛤坂 まえかわ, 金沢市 / 焼き鳥, 評価：4.27, 口コミ：132件
店舗ID: 17000107, 乙女寿司, 金沢市 / 寿司, 評価：4.23, 口コミ：576件
店舗ID: 17015162, 木佐貫, 金沢市 / 日本料理, 評価：4.15, 口コミ：73件
店舗ID: 17009914, Installation Table ENSO L'asymetrie du calme, 金沢市 / フレンチ、イノベーティブ, 評価：4.11, 口コミ：286件
店舗ID: 17009514, 天ぷら 小泉, 金沢市 / 天ぷら, 評価：4.01, 口コミ：173件
店舗ID: 17010062, 鮨 木場谷, 金沢市 / 寿司, 評価：0.0, 口コミ：272件
店舗ID: 17015443, cafe en., 金沢市 / カフェ, 評価：3.02, 口コミ：1件
店舗ID: 17011156, メルカート, 金沢市 / カフェ, 評価：4.69, 口コミ：2件
店舗ID: 17010076, 焼肉グリル＆バー ビコロ, 金沢市 / 焼肉, 評価：4.51, 口コミ： - 件
店舗ID: 17011166, 片折, 金沢市 / 日本料理, 評価：4.32, 口コミ：416件
店舗ID: 17010732, レスピラシオン, 金沢市 / スペイン料理、イノベーティブ、創作料理, 評価：4.3, 口コミ：469件
店舗ID: 17012300, マキノンチ, 金沢市 / フレンチ, 評価：4.28, 口コミ：141件
店舗ID: 17010524, 小松 弥助, 金沢市 / 寿司, 評価：4.27, 口コミ：689件
店舗ID: 17012585, 蛤坂 まえかわ, 金沢市 / 焼き鳥, 評価：4.23, 口コミ：132件
店舗ID: 17000107, 乙女寿司, 金沢市 / 寿司, 評価：4.15, 口コミ：576件
店舗ID: 17015162, 木佐貫, 金沢市 / 日本料理, 評価：4.11, 口コミ：73件
店舗ID: 17009914, Installation Table ENSO L'asymetrie du calme, 金沢市 / フレンチ、イノベーティブ, 評価：4.01, 口コミ：286件
店舗ID: 17009514, 天ぷら 小泉, 金沢市 / 天ぷら, 評価：0.0, 口コミ：173件
店舗ID: 17010062, 鮨 木場谷, 金沢市 / 寿司, 評価：0.0, 口コミ：272件
店舗ID: 17002595, 龍苑, 金沢市 / 飲茶・点心、中華料理, 評価：3.4, 口コミ：95件
店舗ID: 17013762, 焼肉 アダン, 金沢市 / 焼肉、ホルモン, 評価：3.16, 口コミ：11件
店舗ID: 17010224, 旬食彩酒 とのまち, 金沢市 / 日本料理、かに, 評価：3.09, 口コミ：17件
店舗ID: 17010806, 焼肉 koba 浅野本町店, 金沢市 / 焼肉、ホルモン、居酒屋, 評価：3.04, 口コミ：9件
店舗ID: 17013397, 焼肉ホルモン 牛に恋したブタ野郎, 金沢市 / 焼肉、ホルモン, 評価：3.04, 口コミ：5件
店舗ID: 17014990, 岩本屋 金沢浅野本町店, 金沢市 / ラーメン, 評価：3.01, 口コミ：8件
店舗ID: 17014800, AZ-EATS, 金沢市 / ソフトクリーム、かき氷, 評価：3.0, 口コミ：1件
店舗ID: 17011166, 片折, 金沢市 / 日本料理, 評価：4.69, 口コミ：416件
店舗ID: 17010732, レスピラシオン, 金沢市 / スペイン料理、イノベーティブ、創作料理, 評価：4.51, 口コミ：469件
店舗ID: 17012300, マキノンチ, 金沢市 / フレンチ, 評価：4.32, 口コミ：141件
店舗ID: 17010524, 小松 弥助, 金沢市 / 寿司, 評価：4.3, 口コミ：689件
店舗ID: 17012585, 蛤坂 まえかわ, 金沢市 / 焼き鳥, 評価：4.28, 口コミ：132件
店舗ID: 17000107, 乙女寿司, 金沢市 / 寿司, 評価：4.27, 口コミ：576件
店舗ID: 17015162, 木佐貫, 金沢市 / 日本料理, 評価：4.23, 口コミ：73件
店舗ID: 17009914, Installation Table ENSO L'asymetrie du calme, 金沢市 / フレンチ、イノベーティブ, 評価：4.15, 口コミ：286件
店舗ID: 17009514, 天ぷら 小泉, 金沢市 / 天ぷら, 評価：4.11, 口コミ：173件
店舗ID: 17010062, 鮨 木場谷, 金沢市 / 寿司, 評価：4.01, 口コミ：272件
店舗ID: 17014074, 士朗商店, 金沢市 / ラーメン, 評価：3.41, 口コミ：55件
店舗ID: 17000002, マスタム, 金沢市 / 中華料理, 評価：3.18, 口コミ：22件
店舗ID: 17001872, かみたに, 金沢市 / 焼肉, 評価：3.14, 口コミ：17件
店舗ID: 17005168, 御菓子処 美福 本店, 金沢市 / 和菓子, 評価：3.11, 口コミ：12件
店舗ID: 17000511, レ・サヴール, 金沢市 / フレンチ, 評価：3.08, 口コミ：15件
店舗ID: 17007038, ホープハウス, 金沢市 / カフェ、ヨーロッパ料理, 評価：3.04, 口コミ：6件
店舗ID: 17007765, 楽らく, 金沢市 / 肉料理, 評価：3.02, 口コミ：3件
店舗ID: 17005878, 安兵衛寿司, 金沢市 / 寿司, 評価：3.01, 口コミ：2件
店舗ID: 17005985, サニー, 金沢市 / 喫茶店, 評価：3.0, 口コミ：1件
店舗ID: 17014018, まるひろ屋, 金沢市 / その他, 評価：0.0, 口コミ： - 件
店舗ID: 17004538, 葡萄苑, 金沢市 / 喫茶店, 評価：0.0, 口コミ： - 件
店舗ID: 17014529, 鮨 逢, 金沢市 / 寿司, 評価：3.19, 口コミ：10件
店舗ID: 17014398, テーラー喜多, 金沢市 / その他, 評価：4.69, 口コミ： - 件
店舗ID: 17011166, 片折, 金沢市 / 日本料理, 評価：4.51, 口コミ：416件
店舗ID: 17010732, レスピラシオン, 金沢市 / スペイン料理、イノベーティブ、創作料理, 評価：4.32, 口コミ：469件
店舗ID: 17012300, マキノンチ, 金沢市 / フレンチ, 評価：4.3, 口コミ：141件
店舗ID: 17010524, 小松 弥助, 金沢市 / 寿司, 評価：4.28, 口コミ：689件
店舗ID: 17012585, 蛤坂 まえかわ, 金沢市 / 焼き鳥, 評価：4.27, 口コミ：132件
店舗ID: 17000107, 乙女寿司, 金沢市 / 寿司, 評価：4.23, 口コミ：576件
店舗ID: 17015162, 木佐貫, 金沢市 / 日本料理, 評価：4.15, 口コミ：73件
店舗ID: 17009914, Installation Table ENSO L'asymetrie du calme, 金沢市 / フレンチ、イノベーティブ, 評価：4.11, 口コミ：286件
店舗ID: 17009514, 天ぷら 小泉, 金沢市 / 天ぷら, 評価：4.01, 口コミ：173件
店舗ID: 17010062, 鮨 木場谷, 金沢市 / 寿司, 評価：0.0, 口コミ：272件
店舗ID: 17002777, 南膳, 金沢市 / 居酒屋, 評価：3.03, 口コミ：3件
店舗ID: 17011166, 片折, 金沢市 / 日本料理, 評価：4.69, 口コミ：416件
店舗ID: 17010732, レスピラシオン, 金沢市 / スペイン料理、イノベーティブ、創作料理, 評価：4.51, 口コミ：469件
店舗ID: 17012300, マキノンチ, 金沢市 / フレンチ, 評価：4.32, 口コミ：141件
店舗ID: 17010524, 小松 弥助, 金沢市 / 寿司, 評価：4.3, 口コミ：689件
店舗ID: 17012585, 蛤坂 まえかわ, 金沢市 / 焼き鳥, 評価：4.28, 口コミ：132件
店舗ID: 17000107, 乙女寿司, 金沢市 / 寿司, 評価：4.27, 口コミ：576件
店舗ID: 17015162, 木佐貫, 金沢市 / 日本料理, 評価：4.23, 口コミ：73件
店舗ID: 17009914, Installation Table ENSO L'asymetrie du calme, 金沢市 / フレンチ、イノベーティブ, 評価：4.15, 口コミ：286件
店舗ID: 17009514, 天ぷら 小泉, 金沢市 / 天ぷら, 評価：4.11, 口コミ：173件
店舗ID: 17010062, 鮨 木場谷, 金沢市 / 寿司, 評価：4.01, 口コミ：272件
店舗ID: 17002724, 麺や　福座, 金沢市 / ラーメン、つけ麺, 評価：3.66, 口コミ：427件
店舗ID: 17011536, ごえちゃんらーめん, 金沢市 / ラーメン, 評価：3.33, 口コミ：52件
店舗ID: 17000284, しちりん家 有松店, 金沢市 / 焼肉, 評価：3.25, 口コミ：31件
店舗ID: 17001440, アリスファームキッチン, 金沢市 / パン, 評価：3.24, 口コミ：35件
店舗ID: 17004340, ノバール, 金沢市 / 喫茶店, 評価：3.19, 口コミ：30件
店舗ID: 17013614, を山茶寮, 金沢市 / カフェ, 評価：3.19, 口コミ：21件
店舗ID: 17007250, お好み焼 古川 金沢有松店, 金沢市 / お好み焼き、もんじゃ焼き, 評価：3.09, 口コミ：26件
店舗ID: 17009171, トムハナの木, 金沢市 / ベーグル, 評価：3.07, 口コミ：11件
店舗ID: 17005873, スシロー 金沢有松店, 金沢市 / 回転寿司, 評価：3.05, 口コミ：37件
店舗ID: 17014372, 三代目 利久, 金沢市 / 日本料理, 評価：3.04, 口コミ：2件
店舗ID: 17008261, 丸亀製麺 金沢有松店, 金沢市 / うどん, 評価：3.03, 口コミ：21件
店舗ID: 17013373, スターバックスコーヒー 金沢有松店, 金沢市 / カフェ, 評価：3.03, 口コミ：18件
店舗ID: 17010187, ゆず庵 金沢有松店, 金沢市 / しゃぶしゃぶ, 評価：3.03, 口コミ：15件
店舗ID: 17001768, 津軽, 金沢市 / 居酒屋, 評価：3.03, 口コミ：5件
店舗ID: 17013578, CoCo壱番屋  金沢有松店, 金沢市 / カレー, 評価：3.02, 口コミ：9件
店舗ID: 17007319, じんずし 有松店, 金沢市 / 寿司, 評価：3.02, 口コミ：4件
店舗ID: 17003696, 今伴フード＆ドリンク, 金沢市 / 居酒屋, 評価：3.02, 口コミ：3件
店舗ID: 17010056, アイレット キャンティーン, 金沢市 / カフェ, 評価：3.02, 口コミ：3件
店舗ID: 17007276, 甘味処　和味 有松店, 金沢市 / カフェ、甘味処, 評価：3.02, 口コミ：2件
店舗ID: 17014620, TA28, 金沢市 / ダイニングバー、カフェ, 評価：3.02, 口コミ：1件
店舗ID: 17006882, マクドナルド 金沢有松店, 金沢市 / ハンバーガー, 評価：3.01, 口コミ：14件
店舗ID: 17007521, 加賀麩不室屋　 有松店, 金沢市 / 和菓子, 評価：3.01, 口コミ：6件
店舗ID: 17007541, 中田屋 有松店, 金沢市 / 和菓子, 評価：3.01, 口コミ：4件
店舗ID: 17014226, cafe fuku+, 金沢市 / ケーキ、洋菓子、カフェ, 評価：3.0, 口コミ：3件
店舗ID: 17013608, CHICKEN PRINCE, 金沢市 / 鳥料理、ソフトクリーム, 評価：0.0, 口コミ：3件
店舗ID: 17008657, 佃の佃煮 有松店, 金沢市 / 惣菜・デリ, 評価：0.0, 口コミ：2件
店舗ID: 17007277, 有松　三軒家, 金沢市 / 和菓子、日本料理, 評価：0.0, 口コミ： - 件
店舗ID: 17012808, スーパーマーケット バロー 有松店, 金沢市 / コンビニ・スーパー, 評価：0.0, 口コミ： - 件
店舗ID: 17001208, 名物げそ天丼と自家製うどん お多福, 金沢市 / うどん、天丼、揚げ物, 評価：3.36, 口コミ：77件
店舗ID: 17001127, シャンテリー, 金沢市 / ハンバーガー, 評価：3.22, 口コミ：42件
店舗ID: 17001874, 焼肉 山ちゃん, 金沢市 / 焼肉, 評価：3.15, 口コミ：15件
店舗ID: 17011821, パン屋 りあん, 金沢市 / パン, 評価：3.06, 口コミ：5件
店舗ID: 17008651, 農業生産法人有限会社かわに, 金沢市 / スイーツ、和菓子、洋菓子, 評価：3.03, 口コミ：6件
店舗ID: 17002419, 大政寿し, 金沢市 / 寿司, 評価：3.02, 口コミ：5件
店舗ID: 17002675, ベル・エポック, 金沢市 / ケーキ, 評価：3.02, 口コミ：3件
店舗ID: 17002120, あすなろ, 金沢市 / 日本料理, 評価：3.02, 口コミ：1件
店舗ID: 17002570, チュー 粟崎店, 金沢市 / ラーメン, 評価：3.01, 口コミ：4件
店舗ID: 17001875, なかなか, 金沢市 / 焼肉, 評価：3.01, 口コミ：3件
店舗ID: 17002300, はなずし, 金沢市 / 寿司, 評価：0.0, 口コミ：1件
店舗ID: 17003728, 小林食堂, 金沢市 / レストラン, 評価：0.0, 口コミ： - 件
店舗ID: 17003386, 円, 金沢市 / 居酒屋, 評価：0.0, 口コミ： - 件
店舗ID: 17014332, 酒満菜 まきの, 金沢市 / 居酒屋, 評価：3.19, 口コミ：10件
店舗ID: 17011166, 片折, 金沢市 / 日本料理, 評価：4.69, 口コミ：416件
店舗ID: 17010732, レスピラシオン, 金沢市 / スペイン料理、イノベーティブ、創作料理, 評価：4.51, 口コミ：469件
店舗ID: 17012300, マキノンチ, 金沢市 / フレンチ, 評価：4.32, 口コミ：141件
店舗ID: 17010524, 小松 弥助, 金沢市 / 寿司, 評価：4.3, 口コミ：689件
店舗ID: 17012585, 蛤坂 まえかわ, 金沢市 / 焼き鳥, 評価：4.28, 口コミ：132件
店舗ID: 17000107, 乙女寿司, 金沢市 / 寿司, 評価：4.27, 口コミ：576件
店舗ID: 17015162, 木佐貫, 金沢市 / 日本料理, 評価：4.23, 口コミ：73件
店舗ID: 17009914, Installation Table ENSO L'asymetrie du calme, 金沢市 / フレンチ、イノベーティブ, 評価：4.15, 口コミ：286件
店舗ID: 17009514, 天ぷら 小泉, 金沢市 / 天ぷら, 評価：4.11, 口コミ：173件
店舗ID: 17010062, 鮨 木場谷, 金沢市 / 寿司, 評価：4.01, 口コミ：272件
店舗ID: 17013784, 台所 スゴロク, 金沢市 / 日本料理、串焼き, 評価：3.07, 口コミ：6件
店舗ID: 17004391, まさみ, 金沢市 / レストラン、日本料理, 評価：3.05, 口コミ：6件
店舗ID: 17011166, 片折, 金沢市 / 日本料理, 評価：4.69, 口コミ：416件
店舗ID: 17010732, レスピラシオン, 金沢市 / スペイン料理、イノベーティブ、創作料理, 評価：4.51, 口コミ：469件
店舗ID: 17012300, マキノンチ, 金沢市 / フレンチ, 評価：4.32, 口コミ：141件
店舗ID: 17010524, 小松 弥助, 金沢市 / 寿司, 評価：4.3, 口コミ：689件
店舗ID: 17012585, 蛤坂 まえかわ, 金沢市 / 焼き鳥, 評価：4.28, 口コミ：132件
店舗ID: 17000107, 乙女寿司, 金沢市 / 寿司, 評価：4.27, 口コミ：576件
店舗ID: 17015162, 木佐貫, 金沢市 / 日本料理, 評価：4.23, 口コミ：73件
店舗ID: 17009914, Installation Table ENSO L'asymetrie du calme, 金沢市 / フレンチ、イノベーティブ, 評価：4.15, 口コミ：286件
店舗ID: 17009514, 天ぷら 小泉, 金沢市 / 天ぷら, 評価：4.11, 口コミ：173件
店舗ID: 17010062, 鮨 木場谷, 金沢市 / 寿司, 評価：4.01, 口コミ：272件
店舗ID: 17014443, ヤキトリ オモウツボ, 金沢市 / 焼き鳥、居酒屋, 評価：3.13, 口コミ：11件
店舗ID: 17001252, パパロク 片町店, 金沢市 / 居酒屋、肉料理, 評価：3.0, 口コミ：1件
店舗ID: 17014511, かなざわにじのま, 金沢市 / その他, 評価：4.69, 口コミ：1件
店舗ID: 17002303, みちわ寿し, 金沢市 / 寿司, 評価：4.51, 口コミ： - 件
店舗ID: 17011166, 片折, 金沢市 / 日本料理, 評価：4.32, 口コミ：416件
店舗ID: 17010732, レスピラシオン, 金沢市 / スペイン料理、イノベーティブ、創作料理, 評価：4.3, 口コミ：469件
店舗ID: 17012300, マキノンチ, 金沢市 / フレンチ, 評価：4.28, 口コミ：141件
店舗ID: 17010524, 小松 弥助, 金沢市 / 寿司, 評価：4.27, 口コミ：689件
店舗ID: 17012585, 蛤坂 まえかわ, 金沢市 / 焼き鳥, 評価：4.23, 口コミ：132件
店舗ID: 17000107, 乙女寿司, 金沢市 / 寿司, 評価：4.15, 口コミ：576件
店舗ID: 17015162, 木佐貫, 金沢市 / 日本料理, 評価：4.11, 口コミ：73件
店舗ID: 17009914, Installation Table ENSO L'asymetrie du calme, 金沢市 / フレンチ、イノベーティブ, 評価：4.01, 口コミ：286件
店舗ID: 17009514, 天ぷら 小泉, 金沢市 / 天ぷら, 評価：0.0, 口コミ：173件
店舗ID: 17010062, 鮨 木場谷, 金沢市 / 寿司, 評価：0.0, 口コミ：272件
店舗ID: 17000049, 若葉, 金沢市 / おでん, 評価：3.57, 口コミ：84件
店舗ID: 17000048, 千取寿司 本店, 金沢市 / 寿司, 評価：3.52, 口コミ：144件
店舗ID: 17003723, 春甚, 金沢市 / 日本料理、レストラン, 評価：3.23, 口コミ：28件
店舗ID: 17013128, まんぷく食堂 悠有, 金沢市 / 食堂、居酒屋, 評価：3.19, 口コミ：22件
店舗ID: 17012610, Pistrina EighSky, 金沢市 / パン, 評価：3.17, 口コミ：12件
店舗ID: 17001043, 北極, 金沢市 / 洋食, 評価：3.14, 口コミ：28件
店舗ID: 17004076, ジョーハウス 石引店, 金沢市 / カレー、アジア・エスニック, 評価：3.13, 口コミ：32件
店舗ID: 17009500, 珉来 大学病院前, 金沢市 / 中華料理, 評価：3.13, 口コミ：23件
店舗ID: 17013093, Meat ぴあ 賑, 金沢市 / ステーキ、牛料理, 評価：3.13, 口コミ：12件
店舗ID: 17005227, SAKE SHOP 福光屋 金沢本店, 金沢市 / その他, 評価：3.12, 口コミ：73件
店舗ID: 17010444, 月の砂漠, 金沢市 / カフェ、居酒屋, 評価：3.11, 口コミ：11件
店舗ID: 17001540, 高砂屋, 金沢市 / 和菓子, 評価：3.09, 口コミ：17件
店舗ID: 17003751, 石橋屋, 金沢市 / お好み焼き、オムライス、食堂, 評価：3.07, 口コミ：14件
店舗ID: 17011891, 石引Veeda, 金沢市 / 居酒屋、ワインバー、バル, 評価：3.06, 口コミ：9件
店舗ID: 17006294, 別所文玉堂, 金沢市 / 和菓子、洋菓子、パン, 評価：3.06, 口コミ：8件
店舗ID: 17012865, 橘珈琲店, 金沢市 / カフェ, 評価：3.05, 口コミ：5件
店舗ID: 17015253, 食堂sasanqua, 金沢市 / 食堂、ケーキ, 評価：3.05, 口コミ：4件
店舗ID: 17014839, 竹珠, 金沢市 / 居酒屋, 評価：3.05, 口コミ：3件
店舗ID: 17003235, ドンブリックエイト, 金沢市 / レストラン, 評価：3.04, 口コミ：7件
店舗ID: 17013257, かふぇどるーふ, 金沢市 / カフェ, 評価：3.04, 口コミ：2件
店舗ID: 17002964, リリー, 金沢市 / 喫茶店, 評価：3.03, 口コミ：6件
店舗ID: 17004839, 木村屋ベーカリー, 金沢市 / パン、サンドイッチ, 評価：3.03, 口コミ：5件
店舗ID: 17008662, なかむら生菓子店, 金沢市 / 和菓子, 評価：3.03, 口コミ：4件
店舗ID: 17011343, 加賀豆腐 大鋸本店, 金沢市 / その他, 評価：3.03, 口コミ：4件
店舗ID: 17013072, 33sunny, 金沢市 / カフェ, 評価：3.02, 口コミ：1件
店舗ID: 17013803, チョムスキー コーヒー＆ライブラリー, 金沢市 / カフェ, 評価：3.02, 口コミ：1件
店舗ID: 17013522, 旬菜酒場 だるま, 金沢市 / 居酒屋, 評価：3.02, 口コミ：1件
店舗ID: 17002523, やきとり 大吉 小立野店, 金沢市 / 焼き鳥, 評価：3.01, 口コミ：6件
店舗ID: 17001909, 大吉, 金沢市 / 焼肉, 評価：3.01, 口コミ：4件
店舗ID: 17010864, 山長亭, 金沢市 / 食堂, 評価：3.01, 口コミ：2件
店舗ID: 17001910, かわだ, 金沢市 / 焼肉, 評価：3.01, 口コミ：1件
店舗ID: 17007747, 芝寿し 小立野店, 金沢市 / 寿司, 評価：3.0, 口コミ：3件
店舗ID: 17010465, ストロベリーコーンズ 金沢小立野店, 金沢市 / ピザ、パスタ、スイーツ, 評価：3.0, 口コミ：2件
店舗ID: 17013149, 石引パブリック カフェ, 金沢市 / カフェ, 評価：3.0, 口コミ：1件
店舗ID: 17003629, りきちゃん, 金沢市 / お好み焼き、食堂, 評価：0.0, 口コミ：2件
店舗ID: 17007271, ナポリの窯 金沢小立野店, 金沢市 / ピザ、パスタ、ジェラート・アイスクリーム, 評価：0.0, 口コミ：1件
店舗ID: 17015645, Cafe&Kitchen HARE, 金沢市 / カフェ、レストラン, 評価：0.0, 口コミ：1件
店舗ID: 17015505, 金澤茶屋 凛, 金沢市 / たい焼き・大判焼き, 評価：0.0, 口コミ：1件
店舗ID: 17008661, 平野屋, 金沢市 / 和菓子, 評価：0.0, 口コミ：1件
店舗ID: 17003507, スープバーワルニ, 金沢市 / レストラン, 評価：0.0, 口コミ： - 件
店舗ID: 17012701, 珈琲豆専門店 みづほ, 金沢市 / カフェ, 評価：0.0, 口コミ： - 件
店舗ID: 17009160, イーティーシーリンク, 金沢市 / カフェ、バー、その他, 評価：0.0, 口コミ： - 件
店舗ID: 17014488, 天ぷら酒場 兎一, 金沢市 / 天ぷら, 評価：0.0, 口コミ： - 件
店舗ID: 17006912, ニャンカフェ ブックス, 金沢市 / カフェ, 評価：0.0, 口コミ： - 件
店舗ID: 17014672, めし処 のとや, 金沢市 / 弁当, 評価：0.0, 口コミ： - 件
店舗ID: 17009606, アシルワード, 金沢市 / インドカレー、弁当, 評価：0.0, 口コミ： - 件
店舗ID: 17009423, DAJIA, 金沢市 / 居酒屋, 評価：0.0, 口コミ： - 件
店舗ID: 17001106, 板門店, 金沢市 / 焼肉, 評価：3.09, 口コミ：13件
店舗ID: 17014878, TINY COFFEE STAND, 金沢市 / コーヒースタンド, 評価：3.02, 口コミ：1件
店舗ID: 17008900, ふくら屋, 金沢市 / 惣菜・デリ, 評価：3.01, 口コミ：3件
店舗ID: 17001581, 丸福, 金沢市 / 中華料理, 評価：3.01, 口コミ：1件
店舗ID: 17001184, 吟屋, 金沢市 / 居酒屋, 評価：3.0, 口コミ：3件
店舗ID: 17003393, 志摩, 金沢市 / レストラン, 評価：0.0, 口コミ：2件
店舗ID: 17002297, ときわ寿し, 金沢市 / 寿司, 評価：0.0, 口コミ： - 件
店舗ID: 17002421, 大龍寿司, 金沢市 / 寿司, 評価：0.0, 口コミ： - 件
店舗ID: 17008286, 宮岸菓子舗, 金沢市 / 和菓子, 評価：0.0, 口コミ： - 件
店舗ID: 17006629, 興風園, 金沢市 / カフェ, 評価：0.0, 口コミ： - 件
店舗ID: 17007488, やまの葉, 金沢市 / そば, 評価：3.39, 口コミ：79件
店舗ID: 17000050, リストランテ ラヴィータ, 金沢市 / イタリアン, 評価：3.31, 口コミ：60件
店舗ID: 17001049, かぶと洋菓子店, 金沢市 / ケーキ, 評価：3.23, 口コミ：43件
店舗ID: 17008977, サロン ド シュークル, 金沢市 / ケーキ, 評価：3.2, 口コミ：36件
店舗ID: 17002669, お多福 南端支店, 金沢市 / そば、うどん, 評価：3.08, 口コミ：10件
店舗ID: 17008322, パリミラ, 金沢市 / フレンチ, 評価：3.05, 口コミ：10件
店舗ID: 17004486, 七兵衛, 金沢市 / ステーキ, 評価：3.04, 口コミ：6件
店舗ID: 17005743, キャラバンサライ 泉が丘店, 金沢市 / カフェ, 評価：3.03, 口コミ：7件
店舗ID: 17013174, Lab Cafe 泉が丘店, 金沢市 / カフェ, 評価：4.69, 口コミ： - 件
店舗ID: 17011166, 片折, 金沢市 / 日本料理, 評価：4.51, 口コミ：416件
店舗ID: 17010732, レスピラシオン, 金沢市 / スペイン料理、イノベーティブ、創作料理, 評価：4.32, 口コミ：469件
店舗ID: 17012300, マキノンチ, 金沢市 / フレンチ, 評価：4.3, 口コミ：141件
店舗ID: 17010524, 小松 弥助, 金沢市 / 寿司, 評価：4.28, 口コミ：689件
店舗ID: 17012585, 蛤坂 まえかわ, 金沢市 / 焼き鳥, 評価：4.27, 口コミ：132件
店舗ID: 17000107, 乙女寿司, 金沢市 / 寿司, 評価：4.23, 口コミ：576件
店舗ID: 17015162, 木佐貫, 金沢市 / 日本料理, 評価：4.15, 口コミ：73件
店舗ID: 17009914, Installation Table ENSO L'asymetrie du calme, 金沢市 / フレンチ、イノベーティブ, 評価：4.11, 口コミ：286件
店舗ID: 17009514, 天ぷら 小泉, 金沢市 / 天ぷら, 評価：4.01, 口コミ：173件
店舗ID: 17010062, 鮨 木場谷, 金沢市 / 寿司, 評価：0.0, 口コミ：272件
店舗ID: 17001473, 明洞, 金沢市 / 韓国料理, 評価：3.26, 口コミ：35件
店舗ID: 17001218, めん房 つるつる 長坂店, 金沢市 / うどん、そば, 評価：3.18, 口コミ：35件
店舗ID: 17013201, gemutlich, 金沢市 / カフェ、ドイツ料理、パン, 評価：3.12, 口コミ：13件
店舗ID: 17012520, らーめん ひかり, 金沢市 / ラーメン, 評価：3.09, 口コミ：31件
店舗ID: 17001125, 割鮮 のむら, 金沢市 / 日本料理、海鮮、天ぷら, 評価：3.08, 口コミ：17件
店舗ID: 17003822, 万昌苑, 金沢市 / 焼肉、レストラン, 評価：3.08, 口コミ：14件
